"","LSOA11CD","LSOA11NM","WD17CD","WD17NM","LAD17NM"
"1","E01032924","Barnsley 026F","E05000978","Darfield","Barnsley"
"2","E01032925","Barnsley 026G","E05000995","Wombwell","Barnsley"
"3","E01032926","Rotherham 012E","E05001031","Silverwood","Rotherham"
"4","E01032927","Rotherham 012F","E05001037","Wickersley","Rotherham"
"5","E01033259","Doncaster 014E","E05010729","Armthorpe","Doncaster"
"6","E01033260","Doncaster 014F","E05010729","Armthorpe","Doncaster"
"7","E01033261","Sheffield 073A","E05010862","City","Sheffield"
"8","E01033262","Sheffield 073B","E05010862","City","Sheffield"
"9","E01033263","Sheffield 073C","E05010862","City","Sheffield"
"10","E01033264","Sheffield 073D","E05010862","City","Sheffield"
"11","E01033265","Sheffield 074C","E05010862","City","Sheffield"
"12","E01033266","Sheffield 074D","E05010862","City","Sheffield"
"13","E01033267","Sheffield 074E","E05010862","City","Sheffield"
"14","E01033268","Sheffield 075G","E05010873","Manor Castle","Sheffield"
"15","E01033269","Sheffield 022G","E05010861","Burngreave","Sheffield"
"16","E01033270","Sheffield 022H","E05010861","Burngreave","Sheffield"
"17","E01033271","Sheffield 040E","E05010875","Nether Edge and Sharrow","Sheffield"
"18","E01033272","Sheffield 040F","E05010875","Nether Edge and Sharrow","Sheffield"
"19","E01033273","Sheffield 042F","E05010862","City","Sheffield"
"20","E01033274","Sheffield 042G","E05010862","City","Sheffield"
"21","E01033275","Sheffield 008F","E05010880","Stannington","Sheffield"
"22","E01033276","Sheffield 073E","E05010882","Walkley","Sheffield"
"23","E01033277","Sheffield 011E","E05010868","Firth Park","Sheffield"
"24","E01033278","Sheffield 076E","E05010859","Birley","Sheffield"
"25","E01033279","Sheffield 076F","E05010859","Birley","Sheffield"
"26","E01033280","Sheffield 008G","E05010881","Stocksbridge and Upper Don","Sheffield"
"27","E01032550","Barnsley 010G","E05000993","St Helens","Barnsley"
"28","E01032551","Barnsley 010H","E05000988","Old Town","Barnsley"
"29","E01032585","Sheffield 072E","E05010874","Mosborough","Sheffield"
"30","E01007343","Barnsley 003D","E05000977","Cudworth","Barnsley"
"31","E01007344","Barnsley 011A","E05000977","Cudworth","Barnsley"
"32","E01007345","Barnsley 008B","E05000977","Cudworth","Barnsley"
"33","E01007346","Barnsley 008C","E05000977","Cudworth","Barnsley"
"34","E01007347","Barnsley 008D","E05000977","Cudworth","Barnsley"
"35","E01007348","Barnsley 020A","E05000978","Darfield","Barnsley"
"36","E01007349","Barnsley 020B","E05000987","North East","Barnsley"
"37","E01007350","Barnsley 020C","E05000978","Darfield","Barnsley"
"38","E01007351","Barnsley 020D","E05000978","Darfield","Barnsley"
"39","E01007352","Barnsley 020E","E05000978","Darfield","Barnsley"
"40","E01007353","Barnsley 020F","E05000978","Darfield","Barnsley"
"41","E01007354","Barnsley 020G","E05000987","North East","Barnsley"
"42","E01007355","Barnsley 005A","E05000979","Darton East","Barnsley"
"43","E01007356","Barnsley 004A","E05000979","Darton East","Barnsley"
"44","E01007357","Barnsley 004B","E05000979","Darton East","Barnsley"
"45","E01007358","Barnsley 005B","E05000979","Darton East","Barnsley"
"46","E01007359","Barnsley 005C","E05000980","Darton West","Barnsley"
"47","E01007360","Barnsley 005D","E05000980","Darton West","Barnsley"
"48","E01007361","Barnsley 004C","E05000979","Darton East","Barnsley"
"49","E01007362","Barnsley 004D","E05000979","Darton East","Barnsley"
"50","E01007363","Barnsley 004E","E05000979","Darton East","Barnsley"
"51","E01007364","Barnsley 025A","E05000982","Dearne South","Barnsley"
"52","E01007365","Barnsley 025B","E05000982","Dearne South","Barnsley"
"53","E01007366","Barnsley 025C","E05000982","Dearne South","Barnsley"
"54","E01007367","Barnsley 025D","E05000982","Dearne South","Barnsley"
"55","E01007368","Barnsley 025E","E05000982","Dearne South","Barnsley"
"56","E01007369","Barnsley 022A","E05000981","Dearne North","Barnsley"
"57","E01007370","Barnsley 022B","E05000982","Dearne South","Barnsley"
"58","E01007371","Barnsley 022C","E05000982","Dearne South","Barnsley"
"59","E01007372","Barnsley 014A","E05000981","Dearne North","Barnsley"
"60","E01007373","Barnsley 014B","E05000981","Dearne North","Barnsley"
"61","E01007374","Barnsley 014C","E05000981","Dearne North","Barnsley"
"62","E01007375","Barnsley 014D","E05000981","Dearne North","Barnsley"
"63","E01007376","Barnsley 022D","E05000981","Dearne North","Barnsley"
"64","E01007377","Barnsley 014E","E05000981","Dearne North","Barnsley"
"65","E01007378","Barnsley 014F","E05000981","Dearne North","Barnsley"
"66","E01007379","Barnsley 012A","E05000983","Dodworth","Barnsley"
"67","E01007380","Barnsley 012B","E05000980","Darton West","Barnsley"
"68","E01007381","Barnsley 012C","E05000980","Darton West","Barnsley"
"69","E01007382","Barnsley 019A","E05000983","Dodworth","Barnsley"
"70","E01007383","Barnsley 019B","E05000983","Dodworth","Barnsley"
"71","E01007384","Barnsley 019C","E05000983","Dodworth","Barnsley"
"72","E01007385","Barnsley 019D","E05000983","Dodworth","Barnsley"
"73","E01007386","Barnsley 005E","E05000980","Darton West","Barnsley"
"74","E01007387","Barnsley 012D","E05000980","Darton West","Barnsley"
"75","E01007388","Barnsley 029A","E05000984","Hoyland Milton","Barnsley"
"76","E01007389","Barnsley 030A","E05000984","Hoyland Milton","Barnsley"
"77","E01007390","Barnsley 030B","E05000991","Rockingham","Barnsley"
"78","E01007391","Barnsley 030C","E05000991","Rockingham","Barnsley"
"79","E01007392","Barnsley 030D","E05000984","Hoyland Milton","Barnsley"
"80","E01007317","Barnsley 018A","E05000994","Stairfoot","Barnsley"
"81","E01007318","Barnsley 018B","E05000994","Stairfoot","Barnsley"
"82","E01007319","Barnsley 015A","E05000994","Stairfoot","Barnsley"
"83","E01007320","Barnsley 018C","E05000994","Stairfoot","Barnsley"
"84","E01007321","Barnsley 015B","E05000994","Stairfoot","Barnsley"
"85","E01007322","Barnsley 015C","E05000994","Stairfoot","Barnsley"
"86","E01007323","Barnsley 007A","E05000993","St Helens","Barnsley"
"87","E01007324","Barnsley 007B","E05000993","St Helens","Barnsley"
"88","E01007325","Barnsley 007C","E05000993","St Helens","Barnsley"
"89","E01007326","Barnsley 007D","E05000993","St Helens","Barnsley"
"90","E01007327","Barnsley 007E","E05000993","St Helens","Barnsley"
"91","E01007328","Barnsley 006A","E05000987","North East","Barnsley"
"92","E01007329","Barnsley 003A","E05000987","North East","Barnsley"
"93","E01007330","Barnsley 006B","E05000987","North East","Barnsley"
"94","E01007331","Barnsley 003B","E05000987","North East","Barnsley"
"95","E01007332","Barnsley 006C","E05000987","North East","Barnsley"
"96","E01007333","Barnsley 006D","E05000987","North East","Barnsley"
"97","E01007334","Barnsley 009A","E05000976","Central","Barnsley"
"98","E01007335","Barnsley 009B","E05000976","Central","Barnsley"
"99","E01007336","Barnsley 013A","E05000976","Central","Barnsley"
"100","E01007337","Barnsley 015D","E05000976","Central","Barnsley"
"101","E01007338","Barnsley 017A","E05000976","Central","Barnsley"
"102","E01007339","Barnsley 017B","E05000976","Central","Barnsley"
"103","E01007340","Barnsley 013B","E05000985","Kingstone","Barnsley"
"104","E01007341","Barnsley 008A","E05000977","Cudworth","Barnsley"
"105","E01007342","Barnsley 003C","E05000977","Cudworth","Barnsley"
"106","E01007498","Doncaster 029C","E05010730","Balby South","Doncaster"
"107","E01007499","Doncaster 029D","E05010730","Balby South","Doncaster"
"108","E01007500","Doncaster 028B","E05010730","Balby South","Doncaster"
"109","E01007501","Doncaster 029E","E05010730","Balby South","Doncaster"
"110","E01007502","Doncaster 028C","E05010746","Tickhill & Wadsworth","Doncaster"
"111","E01007503","Doncaster 029F","E05010730","Balby South","Doncaster"
"112","E01007504","Doncaster 009F","E05010728","Adwick le Street & Carcroft","Doncaster"
"113","E01007505","Doncaster 013A","E05010731","Bentley","Doncaster"
"114","E01007506","Doncaster 010A","E05010731","Bentley","Doncaster"
"115","E01007507","Doncaster 009G","E05010728","Adwick le Street & Carcroft","Doncaster"
"116","E01007508","Doncaster 010B","E05010731","Bentley","Doncaster"
"117","E01007509","Doncaster 010C","E05010731","Bentley","Doncaster"
"118","E01007510","Doncaster 010D","E05010731","Bentley","Doncaster"
"119","E01007511","Doncaster 010E","E05010731","Bentley","Doncaster"
"120","E01007512","Doncaster 012A","E05010731","Bentley","Doncaster"
"121","E01007513","Doncaster 012B","E05010731","Bentley","Doncaster"
"122","E01007514","Doncaster 013B","E05010731","Bentley","Doncaster"
"123","E01007515","Doncaster 012C","E05010741","Roman Ridge","Doncaster"
"124","E01007516","Doncaster 013C","E05010731","Bentley","Doncaster"
"125","E01007517","Doncaster 013D","E05010731","Bentley","Doncaster"
"126","E01007518","Doncaster 012D","E05010741","Roman Ridge","Doncaster"
"127","E01007519","Doncaster 012E","E05010741","Roman Ridge","Doncaster"
"128","E01007520","Doncaster 027A","E05010732","Bessacarr","Doncaster"
"129","E01007521","Doncaster 025A","E05010732","Bessacarr","Doncaster"
"130","E01007522","Doncaster 024A","E05010732","Bessacarr","Doncaster"
"131","E01007523","Doncaster 025B","E05010732","Bessacarr","Doncaster"
"132","E01007524","Doncaster 025C","E05010732","Bessacarr","Doncaster"
"133","E01007525","Doncaster 024B","E05010732","Bessacarr","Doncaster"
"134","E01007526","Doncaster 025D","E05010732","Bessacarr","Doncaster"
"135","E01007527","Doncaster 027B","E05010732","Bessacarr","Doncaster"
"136","E01007528","Doncaster 024C","E05010732","Bessacarr","Doncaster"
"137","E01007529","Doncaster 022A","E05010738","Hexthorpe & Balby North","Doncaster"
"138","E01007530","Doncaster 022B","E05010747","Town","Doncaster"
"139","E01007531","Doncaster 022C","E05010738","Hexthorpe & Balby North","Doncaster"
"140","E01007532","Doncaster 023B","E05010747","Town","Doncaster"
"141","E01007533","Doncaster 023C","E05010738","Hexthorpe & Balby North","Doncaster"
"142","E01007534","Doncaster 028D","E05010738","Hexthorpe & Balby North","Doncaster"
"143","E01007535","Doncaster 023D","E05010738","Hexthorpe & Balby North","Doncaster"
"144","E01007536","Doncaster 032A","E05010733","Conisbrough","Doncaster"
"145","E01007537","Doncaster 035A","E05010733","Conisbrough","Doncaster"
"146","E01007538","Doncaster 035B","E05010733","Conisbrough","Doncaster"
"147","E01007539","Doncaster 035C","E05010733","Conisbrough","Doncaster"
"148","E01007540","Doncaster 035D","E05010733","Conisbrough","Doncaster"
"149","E01007541","Doncaster 035E","E05010733","Conisbrough","Doncaster"
"150","E01007542","Doncaster 032B","E05010733","Conisbrough","Doncaster"
"151","E01007543","Doncaster 032C","E05010733","Conisbrough","Doncaster"
"152","E01007544","Doncaster 032D","E05010733","Conisbrough","Doncaster"
"153","E01007545","Doncaster 034A","E05010735","Edlington & Warmsworth","Doncaster"
"154","E01007546","Doncaster 033A","E05010735","Edlington & Warmsworth","Doncaster"
"155","E01007547","Doncaster 034B","E05010735","Edlington & Warmsworth","Doncaster"
"156","E01007698","Rotherham 001E","E05001024","Hoober","Rotherham"
"157","E01007393","Barnsley 029B","E05000984","Hoyland Milton","Barnsley"
"158","E01007598","Doncaster 036D","E05010742","Rossington & Bawtry","Doncaster"
"159","E01007648","Doncaster 019D","E05010747","Town","Doncaster"
"160","E01007548","Doncaster 034C","E05010735","Edlington & Warmsworth","Doncaster"
"161","E01007749","Rotherham 033B","E05001035","Wales","Rotherham"
"162","E01007549","Doncaster 034D","E05010735","Edlington & Warmsworth","Doncaster"
"163","E01007699","Rotherham 027B","E05001020","Brinsworth and Catcliffe","Rotherham"
"164","E01007550","Doncaster 034E","E05010735","Edlington & Warmsworth","Doncaster"
"165","E01007649","Doncaster 019E","E05010747","Town","Doncaster"
"166","E01007394","Barnsley 029C","E05000984","Hoyland Milton","Barnsley"
"167","E01007700","Rotherham 027C","E05001028","Rother Vale","Rotherham"
"168","E01007551","Doncaster 033B","E05010735","Edlington & Warmsworth","Doncaster"
"169","E01007750","Rotherham 031D","E05001035","Wales","Rotherham"
"170","E01007599","Doncaster 026A","E05010736","Finningley","Doncaster"
"171","E01007650","Doncaster 015B","E05010748","Wheatley Hills & Intake","Doncaster"
"172","E01007395","Barnsley 030E","E05000991","Rockingham","Barnsley"
"173","E01007701","Rotherham 027D","E05001028","Rother Vale","Rotherham"
"174","E01007552","Doncaster 033C","E05010735","Edlington & Warmsworth","Doncaster"
"175","E01007751","Rotherham 033C","E05001035","Wales","Rotherham"
"176","E01007600","Doncaster 026B","E05010736","Finningley","Doncaster"
"177","E01007396","Barnsley 028A","E05000991","Rockingham","Barnsley"
"178","E01007651","Doncaster 015C","E05010748","Wheatley Hills & Intake","Doncaster"
"179","E01007652","Doncaster 015D","E05010748","Wheatley Hills & Intake","Doncaster"
"180","E01007397","Barnsley 028B","E05000991","Rockingham","Barnsley"
"181","E01007702","Rotherham 025B","E05001020","Brinsworth and Catcliffe","Rotherham"
"182","E01007553","Doncaster 008A","E05010737","Hatfield","Doncaster"
"183","E01007653","Doncaster 015E","E05010747","Town","Doncaster"
"184","E01007398","Barnsley 028C","E05000991","Rockingham","Barnsley"
"185","E01007752","Rotherham 033D","E05001035","Wales","Rotherham"
"186","E01007601","Doncaster 026C","E05010736","Finningley","Doncaster"
"187","E01007654","Doncaster 019F","E05010747","Town","Doncaster"
"188","E01007399","Barnsley 028D","E05000991","Rockingham","Barnsley"
"189","E01007554","Doncaster 006A","E05010737","Hatfield","Doncaster"
"190","E01007602","Doncaster 026D","E05010736","Finningley","Doncaster"
"191","E01007703","Rotherham 025C","E05001020","Brinsworth and Catcliffe","Rotherham"
"192","E01007753","Rotherham 033E","E05001035","Wales","Rotherham"
"193","E01007655","Doncaster 022F","E05010747","Town","Doncaster"
"194","E01007400","Barnsley 009C","E05000986","Monk Bretton","Barnsley"
"195","E01007555","Doncaster 006B","E05010737","Hatfield","Doncaster"
"196","E01007603","Doncaster 026E","E05010736","Finningley","Doncaster"
"197","E01007704","Rotherham 025D","E05001020","Brinsworth and Catcliffe","Rotherham"
"198","E01007754","Rotherham 018B","E05001022","Hellaby","Rotherham"
"199","E01007656","Doncaster 015F","E05010748","Wheatley Hills & Intake","Doncaster"
"200","E01007402","Barnsley 011B","E05000986","Monk Bretton","Barnsley"
"201","E01007556","Doncaster 006C","E05010737","Hatfield","Doncaster"
"202","E01007604","Doncaster 024D","E05010736","Finningley","Doncaster"
"203","E01007705","Rotherham 025E","E05001020","Brinsworth and Catcliffe","Rotherham"
"204","E01007755","Rotherham 018C","E05001026","Maltby","Rotherham"
"205","E01007657","Rotherham 029A","E05008935","Anston and Woodsetts","Rotherham"
"206","E01007403","Barnsley 011C","E05000986","Monk Bretton","Barnsley"
"207","E01007557","Doncaster 008B","E05010737","Hatfield","Doncaster"
"208","E01007605","Doncaster 027C","E05010736","Finningley","Doncaster"
"209","E01007706","Rotherham 027E","E05001020","Brinsworth and Catcliffe","Rotherham"
"210","E01007756","Rotherham 018D","E05001022","Hellaby","Rotherham"
"211","E01007658","Rotherham 032A","E05008935","Anston and Woodsetts","Rotherham"
"212","E01007404","Barnsley 009D","E05000986","Monk Bretton","Barnsley"
"213","E01007558","Doncaster 008C","E05010737","Hatfield","Doncaster"
"214","E01007606","Doncaster 027D","E05010736","Finningley","Doncaster"
"215","E01007707","Rotherham 025F","E05001020","Brinsworth and Catcliffe","Rotherham"
"216","E01007757","Rotherham 020A","E05001026","Maltby","Rotherham"
"217","E01007659","Rotherham 029B","E05008935","Anston and Woodsetts","Rotherham"
"218","E01007405","Barnsley 011D","E05000986","Monk Bretton","Barnsley"
"219","E01007559","Doncaster 008D","E05010737","Hatfield","Doncaster"
"220","E01007607","Doncaster 025E","E05010736","Finningley","Doncaster"
"221","E01007708","Rotherham 021A","E05001034","Valley","Rotherham"
"222","E01007758","Rotherham 020B","E05001026","Maltby","Rotherham"
"223","E01007660","Rotherham 032B","E05008935","Anston and Woodsetts","Rotherham"
"224","E01007406","Barnsley 009E","E05000986","Monk Bretton","Barnsley"
"225","E01007408","Barnsley 010C","E05000988","Old Town","Barnsley"
"226","E01007409","Barnsley 010D","E05000988","Old Town","Barnsley"
"227","E01007410","Barnsley 010E","E05000988","Old Town","Barnsley"
"228","E01007411","Barnsley 007F","E05000993","St Helens","Barnsley"
"229","E01007413","Barnsley 017C","E05000985","Kingstone","Barnsley"
"230","E01007414","Barnsley 017D","E05000985","Kingstone","Barnsley"
"231","E01007415","Barnsley 013C","E05000985","Kingstone","Barnsley"
"232","E01007416","Barnsley 018D","E05000994","Stairfoot","Barnsley"
"233","E01007417","Barnsley 013D","E05000985","Kingstone","Barnsley"
"234","E01007418","Barnsley 016A","E05000989","Penistone East","Barnsley"
"235","E01007419","Barnsley 016B","E05000989","Penistone East","Barnsley"
"236","E01007420","Barnsley 016C","E05000989","Penistone East","Barnsley"
"237","E01007421","Barnsley 027A","E05000989","Penistone East","Barnsley"
"238","E01007422","Barnsley 027B","E05000989","Penistone East","Barnsley"
"239","E01007423","Barnsley 027C","E05000989","Penistone East","Barnsley"
"240","E01007424","Barnsley 028E","E05000989","Penistone East","Barnsley"
"241","E01007425","Barnsley 016D","E05000989","Penistone East","Barnsley"
"242","E01007426","Barnsley 027D","E05000990","Penistone West","Barnsley"
"243","E01007427","Barnsley 024A","E05000990","Penistone West","Barnsley"
"244","E01007428","Barnsley 024B","E05000990","Penistone West","Barnsley"
"245","E01007429","Barnsley 024C","E05000990","Penistone West","Barnsley"
"246","E01007430","Barnsley 024D","E05000990","Penistone West","Barnsley"
"247","E01007431","Barnsley 024E","E05000990","Penistone West","Barnsley"
"248","E01007432","Barnsley 024F","E05000990","Penistone West","Barnsley"
"249","E01007433","Barnsley 002A","E05000992","Royston","Barnsley"
"250","E01007434","Barnsley 001A","E05000992","Royston","Barnsley"
"251","E01007435","Barnsley 001B","E05000992","Royston","Barnsley"
"252","E01007436","Barnsley 002B","E05000992","Royston","Barnsley"
"253","E01007437","Barnsley 002C","E05000986","Monk Bretton","Barnsley"
"254","E01007438","Barnsley 001C","E05000992","Royston","Barnsley"
"255","E01007439","Barnsley 001D","E05000992","Royston","Barnsley"
"256","E01007440","Barnsley 002D","E05000992","Royston","Barnsley"
"257","E01007441","Barnsley 013E","E05000988","Old Town","Barnsley"
"258","E01007442","Barnsley 012E","E05000983","Dodworth","Barnsley"
"259","E01007443","Barnsley 013F","E05000985","Kingstone","Barnsley"
"260","E01007444","Barnsley 012F","E05000983","Dodworth","Barnsley"
"261","E01007445","Barnsley 013G","E05000985","Kingstone","Barnsley"
"262","E01007560","Doncaster 008E","E05010737","Hatfield","Doncaster"
"263","E01007661","Rotherham 032C","E05008935","Anston and Woodsetts","Rotherham"
"264","E01007709","Rotherham 021B","E05001032","Sitwell","Rotherham"
"265","E01007561","Doncaster 006D","E05010737","Hatfield","Doncaster"
"266","E01007662","Rotherham 032D","E05008935","Anston and Woodsetts","Rotherham"
"267","E01007710","Rotherham 021C","E05001034","Valley","Rotherham"
"268","E01007562","Doncaster 006E","E05010737","Hatfield","Doncaster"
"269","E01007663","Rotherham 032E","E05008935","Anston and Woodsetts","Rotherham"
"270","E01007711","Rotherham 021D","E05001032","Sitwell","Rotherham"
"271","E01007563","Doncaster 006F","E05010737","Hatfield","Doncaster"
"272","E01007664","Rotherham 032F","E05008935","Anston and Woodsetts","Rotherham"
"273","E01007446","Barnsley 012G","E05000988","Old Town","Barnsley"
"274","E01007712","Rotherham 023E","E05001032","Sitwell","Rotherham"
"275","E01007713","Rotherham 023F","E05001032","Sitwell","Rotherham"
"276","E01007714","Rotherham 017B","E05001019","Boston Castle","Rotherham"
"277","E01007715","Rotherham 016A","E05001030","Rotherham West","Rotherham"
"278","E01007716","Rotherham 016B","E05001030","Rotherham West","Rotherham"
"279","E01007717","Rotherham 016C","E05001030","Rotherham West","Rotherham"
"280","E01007718","Rotherham 016D","E05001030","Rotherham West","Rotherham"
"281","E01007719","Rotherham 010A","E05001034","Valley","Rotherham"
"282","E01007720","Rotherham 010B","E05001031","Silverwood","Rotherham"
"283","E01007721","Rotherham 010C","E05001034","Valley","Rotherham"
"284","E01007723","Rotherham 013A","E05001034","Valley","Rotherham"
"285","E01007724","Rotherham 021E","E05001034","Valley","Rotherham"
"286","E01007725","Rotherham 019E","E05001037","Wickersley","Rotherham"
"287","E01007726","Rotherham 019F","E05001037","Wickersley","Rotherham"
"288","E01007727","Rotherham 010D","E05001031","Silverwood","Rotherham"
"289","E01007728","Rotherham 009A","E05001038","Wingfield","Rotherham"
"290","E01007729","Rotherham 009B","E05001038","Wingfield","Rotherham"
"291","E01007730","Rotherham 009C","E05001038","Wingfield","Rotherham"
"292","E01007731","Rotherham 009D","E05001038","Wingfield","Rotherham"
"293","E01007732","Rotherham 009E","E05001038","Wingfield","Rotherham"
"294","E01007733","Rotherham 009F","E05001038","Wingfield","Rotherham"
"295","E01007734","Rotherham 021F","E05001029","Rotherham East","Rotherham"
"296","E01007735","Rotherham 013B","E05001029","Rotherham East","Rotherham"
"297","E01007736","Rotherham 014A","E05001029","Rotherham East","Rotherham"
"298","E01007737","Rotherham 013C","E05001034","Valley","Rotherham"
"299","E01007738","Rotherham 013D","E05001029","Rotherham East","Rotherham"
"300","E01007739","Rotherham 013E","E05001029","Rotherham East","Rotherham"
"301","E01007740","Rotherham 011A","E05001038","Wingfield","Rotherham"
"302","E01007741","Rotherham 015A","E05001030","Rotherham West","Rotherham"
"303","E01007742","Rotherham 015B","E05001025","Keppel","Rotherham"
"304","E01007743","Rotherham 015C","E05001025","Keppel","Rotherham"
"305","E01007744","Rotherham 015D","E05001030","Rotherham West","Rotherham"
"306","E01007745","Rotherham 015E","E05001030","Rotherham West","Rotherham"
"307","E01007746","Rotherham 015F","E05001030","Rotherham West","Rotherham"
"308","E01007747","Rotherham 031C","E05001035","Wales","Rotherham"
"309","E01007748","Rotherham 033A","E05001035","Wales","Rotherham"
"310","E01007608","Doncaster 038A","E05010736","Finningley","Doncaster"
"311","E01007759","Rotherham 020C","E05001026","Maltby","Rotherham"
"312","E01007447","Barnsley 023A","E05000995","Wombwell","Barnsley"
"313","E01007665","Rotherham 027A","E05001028","Rother Vale","Rotherham"
"314","E01007564","Doncaster 018A","E05010748","Wheatley Hills & Intake","Doncaster"
"315","E01007760","Rotherham 020D","E05001026","Maltby","Rotherham"
"316","E01007609","Doncaster 038B","E05010742","Rossington & Bawtry","Doncaster"
"317","E01007448","Barnsley 023B","E05000995","Wombwell","Barnsley"
"318","E01007666","Rotherham 026A","E05001023","Holderness","Rotherham"
"319","E01007565","Doncaster 018B","E05010748","Wheatley Hills & Intake","Doncaster"
"320","E01007761","Rotherham 018E","E05001022","Hellaby","Rotherham"
"321","E01007610","Doncaster 038C","E05010742","Rossington & Bawtry","Doncaster"
"322","E01007449","Barnsley 023C","E05000978","Darfield","Barnsley"
"323","E01007667","Rotherham 030A","E05001023","Holderness","Rotherham"
"324","E01007566","Doncaster 018C","E05010748","Wheatley Hills & Intake","Doncaster"
"325","E01007567","Doncaster 018D","E05010748","Wheatley Hills & Intake","Doncaster"
"326","E01007568","Doncaster 018E","E05010748","Wheatley Hills & Intake","Doncaster"
"327","E01007569","Doncaster 018F","E05010748","Wheatley Hills & Intake","Doncaster"
"328","E01007570","Doncaster 015A","E05010748","Wheatley Hills & Intake","Doncaster"
"329","E01007571","Doncaster 031A","E05010739","Mexborough","Doncaster"
"330","E01007572","Doncaster 031B","E05010739","Mexborough","Doncaster"
"331","E01007573","Doncaster 031C","E05010739","Mexborough","Doncaster"
"332","E01007574","Doncaster 031D","E05010739","Mexborough","Doncaster"
"333","E01007575","Doncaster 030A","E05010739","Mexborough","Doncaster"
"334","E01007576","Doncaster 031E","E05010739","Mexborough","Doncaster"
"335","E01007577","Doncaster 031F","E05010739","Mexborough","Doncaster"
"336","E01007578","Doncaster 030B","E05010739","Mexborough","Doncaster"
"337","E01007579","Doncaster 030C","E05010739","Mexborough","Doncaster"
"338","E01007580","Doncaster 030D","E05010739","Mexborough","Doncaster"
"339","E01007581","Doncaster 016A","E05010741","Roman Ridge","Doncaster"
"340","E01007582","Doncaster 016B","E05010741","Roman Ridge","Doncaster"
"341","E01007583","Doncaster 020A","E05010743","Sprotbrough","Doncaster"
"342","E01007584","Doncaster 021A","E05010731","Bentley","Doncaster"
"343","E01007585","Doncaster 021B","E05010743","Sprotbrough","Doncaster"
"344","E01007586","Doncaster 020B","E05010743","Sprotbrough","Doncaster"
"345","E01007587","Doncaster 020C","E05010743","Sprotbrough","Doncaster"
"346","E01007588","Doncaster 016C","E05010741","Roman Ridge","Doncaster"
"347","E01007589","Doncaster 016D","E05010741","Roman Ridge","Doncaster"
"348","E01007590","Doncaster 037A","E05010742","Rossington & Bawtry","Doncaster"
"349","E01007591","Doncaster 036A","E05010742","Rossington & Bawtry","Doncaster"
"350","E01007592","Doncaster 037B","E05010742","Rossington & Bawtry","Doncaster"
"351","E01007593","Doncaster 037C","E05010742","Rossington & Bawtry","Doncaster"
"352","E01007594","Doncaster 036B","E05010742","Rossington & Bawtry","Doncaster"
"353","E01007595","Doncaster 037D","E05010742","Rossington & Bawtry","Doncaster"
"354","E01007596","Doncaster 036C","E05010742","Rossington & Bawtry","Doncaster"
"355","E01007597","Doncaster 037E","E05010742","Rossington & Bawtry","Doncaster"
"356","E01007762","Rotherham 018F","E05001026","Maltby","Rotherham"
"357","E01007668","Rotherham 030B","E05001023","Holderness","Rotherham"
"358","E01007763","Rotherham 020E","E05001026","Maltby","Rotherham"
"359","E01007611","Doncaster 039A","E05010746","Tickhill & Wadsworth","Doncaster"
"360","E01007669","Rotherham 030C","E05001023","Holderness","Rotherham"
"361","E01007764","Rotherham 020F","E05001026","Maltby","Rotherham"
"362","E01007612","Doncaster 039B","E05010746","Tickhill & Wadsworth","Doncaster"
"363","E01007670","Rotherham 030D","E05001023","Holderness","Rotherham"
"364","E01007450","Barnsley 023D","E05000994","Stairfoot","Barnsley"
"365","E01007765","Rotherham 014B","E05001019","Boston Castle","Rotherham"
"366","E01007613","Doncaster 033D","E05010746","Tickhill & Wadsworth","Doncaster"
"367","E01007671","Rotherham 031A","E05001028","Rother Vale","Rotherham"
"368","E01007451","Barnsley 026A","E05000995","Wombwell","Barnsley"
"369","E01007766","Rotherham 014C","E05001029","Rotherham East","Rotherham"
"370","E01007614","Doncaster 039C","E05010746","Tickhill & Wadsworth","Doncaster"
"371","E01007615","Doncaster 039D","E05010746","Tickhill & Wadsworth","Doncaster"
"372","E01007616","Doncaster 039E","E05010746","Tickhill & Wadsworth","Doncaster"
"373","E01007617","Doncaster 021C","E05010743","Sprotbrough","Doncaster"
"374","E01007618","Doncaster 021D","E05010743","Sprotbrough","Doncaster"
"375","E01007619","Doncaster 021E","E05010743","Sprotbrough","Doncaster"
"376","E01007620","Doncaster 020D","E05010733","Conisbrough","Doncaster"
"377","E01007621","Doncaster 007A","E05010734","Edenthorpe & Kirk Sandall","Doncaster"
"378","E01007622","Doncaster 007B","E05010734","Edenthorpe & Kirk Sandall","Doncaster"
"379","E01007623","Doncaster 007C","E05010734","Edenthorpe & Kirk Sandall","Doncaster"
"380","E01007624","Doncaster 007D","E05010744","Stainforth & Barnby Dun","Doncaster"
"381","E01007625","Doncaster 004A","E05010740","Norton & Askern","Doncaster"
"382","E01007626","Doncaster 004B","E05010744","Stainforth & Barnby Dun","Doncaster"
"383","E01007627","Doncaster 004C","E05010744","Stainforth & Barnby Dun","Doncaster"
"384","E01007628","Doncaster 004D","E05010744","Stainforth & Barnby Dun","Doncaster"
"385","E01007629","Doncaster 004E","E05010744","Stainforth & Barnby Dun","Doncaster"
"386","E01007630","Doncaster 007E","E05010744","Stainforth & Barnby Dun","Doncaster"
"387","E01007631","Doncaster 007F","E05010744","Stainforth & Barnby Dun","Doncaster"
"388","E01007632","Doncaster 001A","E05010745","Thorne & Moorends","Doncaster"
"389","E01007633","Doncaster 001B","E05010745","Thorne & Moorends","Doncaster"
"390","E01007634","Doncaster 001C","E05010745","Thorne & Moorends","Doncaster"
"391","E01007635","Doncaster 001D","E05010745","Thorne & Moorends","Doncaster"
"392","E01007636","Doncaster 003A","E05010745","Thorne & Moorends","Doncaster"
"393","E01007637","Doncaster 003B","E05010745","Thorne & Moorends","Doncaster"
"394","E01007638","Doncaster 003C","E05010745","Thorne & Moorends","Doncaster"
"395","E01007639","Doncaster 003D","E05010745","Thorne & Moorends","Doncaster"
"396","E01007640","Doncaster 003E","E05010745","Thorne & Moorends","Doncaster"
"397","E01007641","Doncaster 003F","E05010745","Thorne & Moorends","Doncaster"
"398","E01007642","Doncaster 003G","E05010745","Thorne & Moorends","Doncaster"
"399","E01007643","Doncaster 022D","E05010747","Town","Doncaster"
"400","E01007644","Doncaster 019A","E05010747","Town","Doncaster"
"401","E01007645","Doncaster 022E","E05010747","Town","Doncaster"
"402","E01007646","Doncaster 019B","E05010747","Town","Doncaster"
"403","E01007647","Doncaster 019C","E05010747","Town","Doncaster"
"404","E01007452","Barnsley 026B","E05000995","Wombwell","Barnsley"
"405","E01007672","Rotherham 030E","E05001023","Holderness","Rotherham"
"406","E01007453","Barnsley 026C","E05000995","Wombwell","Barnsley"
"407","E01007767","Rotherham 017C","E05001019","Boston Castle","Rotherham"
"408","E01007673","Rotherham 030F","E05001023","Holderness","Rotherham"
"409","E01007455","Barnsley 026E","E05000995","Wombwell","Barnsley"
"410","E01007768","Rotherham 014D","E05001029","Rotherham East","Rotherham"
"411","E01007674","Rotherham 031B","E05001023","Holderness","Rotherham"
"412","E01007456","Barnsley 029D","E05000984","Hoyland Milton","Barnsley"
"413","E01007769","Rotherham 017D","E05001029","Rotherham East","Rotherham"
"414","E01007675","Rotherham 023A","E05001019","Boston Castle","Rotherham"
"415","E01007457","Barnsley 029E","E05000984","Hoyland Milton","Barnsley"
"416","E01007458","Barnsley 021A","E05000996","Worsbrough","Barnsley"
"417","E01007459","Barnsley 021B","E05000996","Worsbrough","Barnsley"
"418","E01007460","Barnsley 021C","E05000996","Worsbrough","Barnsley"
"419","E01007461","Barnsley 021D","E05000996","Worsbrough","Barnsley"
"420","E01007462","Barnsley 021E","E05000996","Worsbrough","Barnsley"
"421","E01007463","Barnsley 021F","E05000996","Worsbrough","Barnsley"
"422","E01007464","Doncaster 009A","E05010728","Adwick le Street & Carcroft","Doncaster"
"423","E01007465","Doncaster 009B","E05010728","Adwick le Street & Carcroft","Doncaster"
"424","E01007466","Doncaster 009C","E05010728","Adwick le Street & Carcroft","Doncaster"
"425","E01007467","Doncaster 009D","E05010728","Adwick le Street & Carcroft","Doncaster"
"426","E01007468","Doncaster 005A","E05010740","Norton & Askern","Doncaster"
"427","E01007469","Doncaster 005B","E05010740","Norton & Askern","Doncaster"
"428","E01007470","Doncaster 005C","E05010728","Adwick le Street & Carcroft","Doncaster"
"429","E01007471","Doncaster 009E","E05010728","Adwick le Street & Carcroft","Doncaster"
"430","E01007472","Doncaster 005D","E05010728","Adwick le Street & Carcroft","Doncaster"
"431","E01007473","Doncaster 005E","E05010728","Adwick le Street & Carcroft","Doncaster"
"432","E01007474","Doncaster 005F","E05010728","Adwick le Street & Carcroft","Doncaster"
"433","E01007475","Doncaster 011A","E05010734","Edenthorpe & Kirk Sandall","Doncaster"
"434","E01007476","Doncaster 011B","E05010734","Edenthorpe & Kirk Sandall","Doncaster"
"435","E01007477","Doncaster 011C","E05010734","Edenthorpe & Kirk Sandall","Doncaster"
"436","E01007478","Doncaster 011D","E05010729","Armthorpe","Doncaster"
"437","E01007479","Doncaster 014A","E05010729","Armthorpe","Doncaster"
"438","E01007480","Doncaster 014B","E05010729","Armthorpe","Doncaster"
"439","E01007482","Doncaster 014D","E05010729","Armthorpe","Doncaster"
"440","E01007483","Doncaster 017A","E05010729","Armthorpe","Doncaster"
"441","E01007484","Doncaster 017B","E05010729","Armthorpe","Doncaster"
"442","E01007485","Doncaster 017C","E05010729","Armthorpe","Doncaster"
"443","E01007486","Doncaster 017D","E05010729","Armthorpe","Doncaster"
"444","E01007487","Doncaster 002A","E05010740","Norton & Askern","Doncaster"
"445","E01007488","Doncaster 002B","E05010740","Norton & Askern","Doncaster"
"446","E01007489","Doncaster 002C","E05010740","Norton & Askern","Doncaster"
"447","E01007490","Doncaster 002D","E05010740","Norton & Askern","Doncaster"
"448","E01007491","Doncaster 002E","E05010740","Norton & Askern","Doncaster"
"449","E01007492","Doncaster 002F","E05010740","Norton & Askern","Doncaster"
"450","E01007493","Doncaster 002G","E05010740","Norton & Askern","Doncaster"
"451","E01007494","Doncaster 023A","E05010738","Hexthorpe & Balby North","Doncaster"
"452","E01007495","Doncaster 028A","E05010730","Balby South","Doncaster"
"453","E01007496","Doncaster 029A","E05010738","Hexthorpe & Balby North","Doncaster"
"454","E01007497","Doncaster 029B","E05010738","Hexthorpe & Balby North","Doncaster"
"455","E01007770","Rotherham 014E","E05001029","Rotherham East","Rotherham"
"456","E01007676","Rotherham 025A","E05001020","Brinsworth and Catcliffe","Rotherham"
"457","E01007771","Rotherham 006A","E05001027","Rawmarsh","Rotherham"
"458","E01007677","Rotherham 017A","E05001019","Boston Castle","Rotherham"
"459","E01007772","Rotherham 006B","E05001031","Silverwood","Rotherham"
"460","E01007678","Rotherham 023B","E05001019","Boston Castle","Rotherham"
"461","E01007679","Rotherham 023C","E05001019","Boston Castle","Rotherham"
"462","E01007680","Rotherham 023D","E05001019","Boston Castle","Rotherham"
"463","E01007681","Rotherham 012A","E05001037","Wickersley","Rotherham"
"464","E01007682","Rotherham 019A","E05001037","Wickersley","Rotherham"
"465","E01007683","Rotherham 019B","E05001031","Silverwood","Rotherham"
"466","E01007684","Rotherham 022A","E05001037","Wickersley","Rotherham"
"467","E01007685","Rotherham 018A","E05001022","Hellaby","Rotherham"
"468","E01007686","Rotherham 019C","E05001037","Wickersley","Rotherham"
"469","E01007687","Rotherham 022B","E05001022","Hellaby","Rotherham"
"470","E01007688","Rotherham 019D","E05001037","Wickersley","Rotherham"
"471","E01007689","Rotherham 022C","E05001022","Hellaby","Rotherham"
"472","E01007690","Rotherham 022D","E05001022","Hellaby","Rotherham"
"473","E01007691","Rotherham 012B","E05001031","Silverwood","Rotherham"
"474","E01007692","Rotherham 012C","E05001031","Silverwood","Rotherham"
"475","E01007693","Rotherham 001A","E05001024","Hoober","Rotherham"
"476","E01007694","Rotherham 001B","E05001024","Hoober","Rotherham"
"477","E01007695","Rotherham 001C","E05001024","Hoober","Rotherham"
"478","E01007696","Rotherham 007A","E05001024","Hoober","Rotherham"
"479","E01007697","Rotherham 001D","E05001024","Hoober","Rotherham"
"480","E01007773","Rotherham 006C","E05001031","Silverwood","Rotherham"
"481","E01007774","Rotherham 006D","E05001031","Silverwood","Rotherham"
"482","E01007775","Rotherham 008A","E05001027","Rawmarsh","Rotherham"
"483","E01007776","Rotherham 008B","E05001027","Rawmarsh","Rotherham"
"484","E01007777","Rotherham 004A","E05001033","Swinton","Rotherham"
"485","E01007778","Rotherham 005A","E05001027","Rawmarsh","Rotherham"
"486","E01007779","Rotherham 005B","E05001024","Hoober","Rotherham"
"487","E01007780","Rotherham 005C","E05001027","Rawmarsh","Rotherham"
"488","E01007781","Rotherham 005D","E05001027","Rawmarsh","Rotherham"
"489","E01007782","Rotherham 005E","E05001027","Rawmarsh","Rotherham"
"490","E01007783","Rotherham 008C","E05001027","Rawmarsh","Rotherham"
"491","E01007784","Rotherham 008D","E05001027","Rawmarsh","Rotherham"
"492","E01007785","Rotherham 029C","E05008936","Dinnington","Rotherham"
"493","E01007786","Rotherham 029D","E05008936","Dinnington","Rotherham"
"494","E01007787","Rotherham 028A","E05008936","Dinnington","Rotherham"
"495","E01007788","Rotherham 028B","E05008936","Dinnington","Rotherham"
"496","E01007789","Rotherham 028C","E05008936","Dinnington","Rotherham"
"497","E01007790","Rotherham 029E","E05008936","Dinnington","Rotherham"
"498","E01007791","Rotherham 029F","E05008936","Dinnington","Rotherham"
"499","E01007792","Rotherham 028D","E05008936","Dinnington","Rotherham"
"500","E01007793","Rotherham 004B","E05001033","Swinton","Rotherham"
"501","E01007794","Rotherham 004C","E05001033","Swinton","Rotherham"
"502","E01007795","Rotherham 004D","E05001033","Swinton","Rotherham"
"503","E01007796","Rotherham 003A","E05001033","Swinton","Rotherham"
"504","E01007797","Rotherham 003B","E05001033","Swinton","Rotherham"
"505","E01007798","Rotherham 003C","E05001033","Swinton","Rotherham"
"506","E01007799","Rotherham 003D","E05001036","Wath","Rotherham"
"507","E01007800","Rotherham 003E","E05001033","Swinton","Rotherham"
"508","E01007801","Rotherham 007B","E05001025","Keppel","Rotherham"
"509","E01007802","Rotherham 007C","E05001025","Keppel","Rotherham"
"510","E01007803","Rotherham 007D","E05001025","Keppel","Rotherham"
"511","E01007804","Rotherham 011B","E05001025","Keppel","Rotherham"
"512","E01007805","Rotherham 011C","E05001025","Keppel","Rotherham"
"513","E01007806","Rotherham 011D","E05001038","Wingfield","Rotherham"
"514","E01007807","Rotherham 011E","E05001038","Wingfield","Rotherham"
"515","E01007808","Rotherham 007E","E05001025","Keppel","Rotherham"
"516","E01007809","Rotherham 026B","E05001028","Rother Vale","Rotherham"
"517","E01007810","Rotherham 026C","E05001028","Rother Vale","Rotherham"
"518","E01007811","Rotherham 024A","E05001032","Sitwell","Rotherham"
"519","E01007812","Rotherham 024B","E05001032","Sitwell","Rotherham"
"520","E01007813","Rotherham 024C","E05001032","Sitwell","Rotherham"
"521","E01007814","Rotherham 024D","E05001032","Sitwell","Rotherham"
"522","E01007815","Rotherham 026D","E05001028","Rother Vale","Rotherham"
"523","E01007816","Rotherham 002A","E05001036","Wath","Rotherham"
"524","E01007817","Rotherham 002B","E05001036","Wath","Rotherham"
"525","E01007818","Rotherham 003F","E05001036","Wath","Rotherham"
"526","E01007819","Rotherham 002C","E05001036","Wath","Rotherham"
"527","E01007820","Rotherham 002D","E05001036","Wath","Rotherham"
"528","E01007821","Rotherham 002E","E05001036","Wath","Rotherham"
"529","E01007822","Rotherham 002F","E05001036","Wath","Rotherham"
"530","E01007823","Sheffield 069A","E05010857","Beauchief and Greenhill","Sheffield"
"531","E01007824","Sheffield 066A","E05010857","Beauchief and Greenhill","Sheffield"
"532","E01007825","Sheffield 066B","E05010857","Beauchief and Greenhill","Sheffield"
"533","E01007826","Sheffield 066C","E05010857","Beauchief and Greenhill","Sheffield"
"534","E01007827","Sheffield 064A","E05010871","Graves Park","Sheffield"
"535","E01007828","Sheffield 059A","E05010871","Graves Park","Sheffield"
"536","E01007829","Sheffield 059B","E05010871","Graves Park","Sheffield"
"537","E01007830","Sheffield 064B","E05010871","Graves Park","Sheffield"
"538","E01007831","Sheffield 059C","E05010871","Graves Park","Sheffield"
"539","E01007832","Sheffield 059D","E05010871","Graves Park","Sheffield"
"540","E01007833","Sheffield 064C","E05010871","Graves Park","Sheffield"
"541","E01007834","Sheffield 066D","E05010857","Beauchief and Greenhill","Sheffield"
"542","E01007835","Sheffield 062A","E05010859","Birley","Sheffield"
"543","E01007836","Sheffield 062B","E05010859","Birley","Sheffield"
"544","E01007838","Sheffield 076A","E05010859","Birley","Sheffield"
"545","E01007839","Sheffield 076B","E05010859","Birley","Sheffield"
"546","E01007841","Sheffield 076C","E05010859","Birley","Sheffield"
"547","E01007842","Sheffield 076D","E05010859","Birley","Sheffield"
"548","E01007843","Sheffield 062C","E05010859","Birley","Sheffield"
"549","E01007846","Sheffield 062D","E05010859","Birley","Sheffield"
"550","E01007847","Sheffield 014A","E05010878","Shiregreen and Brightside","Sheffield"
"551","E01007848","Sheffield 013A","E05010868","Firth Park","Sheffield"
"552","E01007849","Sheffield 010A","E05010868","Firth Park","Sheffield"
"553","E01007850","Sheffield 014B","E05010878","Shiregreen and Brightside","Sheffield"
"554","E01007851","Sheffield 013B","E05010868","Firth Park","Sheffield"
"555","E01007852","Sheffield 014C","E05010878","Shiregreen and Brightside","Sheffield"
"556","E01007853","Sheffield 014D","E05010878","Shiregreen and Brightside","Sheffield"
"557","E01007854","Sheffield 014E","E05010878","Shiregreen and Brightside","Sheffield"
"558","E01007855","Sheffield 014F","E05010878","Shiregreen and Brightside","Sheffield"
"559","E01007856","Sheffield 007A","E05010878","Shiregreen and Brightside","Sheffield"
"560","E01007857","Sheffield 010B","E05010878","Shiregreen and Brightside","Sheffield"
"561","E01007858","Sheffield 038A","E05010869","Fulwood","Sheffield"
"562","E01007859","Sheffield 036A","E05010860","Broomhill and Sharrow Vale","Sheffield"
"563","E01007860","Sheffield 036B","E05010860","Broomhill and Sharrow Vale","Sheffield"
"564","E01007861","Sheffield 038B","E05010869","Fulwood","Sheffield"
"565","E01007862","Sheffield 038C","E05010869","Fulwood","Sheffield"
"566","E01007863","Sheffield 036C","E05010860","Broomhill and Sharrow Vale","Sheffield"
"567","E01007864","Sheffield 036D","E05010860","Broomhill and Sharrow Vale","Sheffield"
"568","E01007865","Sheffield 038D","E05010869","Fulwood","Sheffield"
"569","E01007866","Sheffield 030A","E05010860","Broomhill and Sharrow Vale","Sheffield"
"570","E01007867","Sheffield 030B","E05010860","Broomhill and Sharrow Vale","Sheffield"
"571","E01007868","Sheffield 030C","E05010860","Broomhill and Sharrow Vale","Sheffield"
"572","E01007869","Sheffield 020A","E05010861","Burngreave","Sheffield"
"573","E01007870","Sheffield 019A","E05010861","Burngreave","Sheffield"
"574","E01007871","Sheffield 019B","E05010861","Burngreave","Sheffield"
"575","E01007872","Sheffield 020B","E05010861","Burngreave","Sheffield"
"576","E01007873","Sheffield 020C","E05010861","Burngreave","Sheffield"
"577","E01007874","Sheffield 022A","E05010861","Burngreave","Sheffield"
"578","E01007875","Sheffield 022B","E05010861","Burngreave","Sheffield"
"579","E01007877","Sheffield 022D","E05010861","Burngreave","Sheffield"
"580","E01007878","Sheffield 075A","E05010873","Manor Castle","Sheffield"
"581","E01007879","Sheffield 075B","E05010873","Manor Castle","Sheffield"
"582","E01007881","Sheffield 075C","E05010873","Manor Castle","Sheffield"
"583","E01007882","Sheffield 075D","E05010873","Manor Castle","Sheffield"
"584","E01007883","Sheffield 027A","E05010864","Darnall","Sheffield"
"585","E01007885","Sheffield 075E","E05010873","Manor Castle","Sheffield"
"586","E01007886","Sheffield 075F","E05010873","Manor Castle","Sheffield"
"587","E01007887","Sheffield 004A","E05010866","East Ecclesfield","Sheffield"
"588","E01007888","Sheffield 003A","E05010883","West Ecclesfield","Sheffield"
"589","E01007889","Sheffield 004B","E05010866","East Ecclesfield","Sheffield"
"590","E01007890","Sheffield 004C","E05010866","East Ecclesfield","Sheffield"
"591","E01007891","Sheffield 004D","E05010866","East Ecclesfield","Sheffield"
"592","E01007892","Sheffield 003B","E05010883","West Ecclesfield","Sheffield"
"593","E01007893","Sheffield 003C","E05010883","West Ecclesfield","Sheffield"
"594","E01007894","Sheffield 004E","E05010866","East Ecclesfield","Sheffield"
"595","E01007895","Sheffield 004F","E05010866","East Ecclesfield","Sheffield"
"596","E01007896","Sheffield 004G","E05010866","East Ecclesfield","Sheffield"
"597","E01007897","Sheffield 005A","E05010883","West Ecclesfield","Sheffield"
"598","E01007898","Sheffield 003D","E05010883","West Ecclesfield","Sheffield"
"599","E01007899","Sheffield 003E","E05010883","West Ecclesfield","Sheffield"
"600","E01007900","Sheffield 003F","E05010883","West Ecclesfield","Sheffield"
"601","E01007901","Sheffield 003G","E05010883","West Ecclesfield","Sheffield"
"602","E01007902","Sheffield 027B","E05010864","Darnall","Sheffield"
"603","E01007903","Sheffield 018A","E05010864","Darnall","Sheffield"
"604","E01007904","Sheffield 018B","E05010864","Darnall","Sheffield"
"605","E01007905","Sheffield 027C","E05010864","Darnall","Sheffield"
"606","E01008006","Sheffield 054D","E05010876","Park and Arbourthorne","Sheffield"
"607","E01008007","Sheffield 060A","E05010870","Gleadless Valley","Sheffield"
"608","E01008008","Sheffield 045D","E05010877","Richmond","Sheffield"
"609","E01008009","Sheffield 045E","E05010877","Richmond","Sheffield"
"610","E01008010","Sheffield 052E","E05010877","Richmond","Sheffield"
"611","E01008011","Sheffield 039A","E05010873","Manor Castle","Sheffield"
"612","E01008012","Sheffield 039B","E05010873","Manor Castle","Sheffield"
"613","E01008013","Sheffield 039C","E05010873","Manor Castle","Sheffield"
"614","E01008014","Sheffield 032E","E05010864","Darnall","Sheffield"
"615","E01008015","Sheffield 039D","E05010873","Manor Castle","Sheffield"
"616","E01008016","Sheffield 032F","E05010864","Darnall","Sheffield"
"617","E01008017","Sheffield 039E","E05010873","Manor Castle","Sheffield"
"618","E01008018","Sheffield 039F","E05010873","Manor Castle","Sheffield"
"619","E01008019","Sheffield 065A","E05010874","Mosborough","Sheffield"
"620","E01008020","Sheffield 065B","E05010874","Mosborough","Sheffield"
"621","E01008021","Sheffield 072A","E05010874","Mosborough","Sheffield"
"622","E01008022","Sheffield 065C","E05010874","Mosborough","Sheffield"
"623","E01008023","Sheffield 072B","E05010874","Mosborough","Sheffield"
"624","E01008024","Sheffield 072C","E05010874","Mosborough","Sheffield"
"625","E01008025","Sheffield 072D","E05010874","Mosborough","Sheffield"
"626","E01008027","Sheffield 065D","E05010874","Mosborough","Sheffield"
"627","E01008028","Sheffield 056A","E05010858","Beighton","Sheffield"
"628","E01008029","Sheffield 056B","E05010858","Beighton","Sheffield"
"629","E01008030","Sheffield 063A","E05010858","Beighton","Sheffield"
"630","E01008031","Sheffield 061A","E05010858","Beighton","Sheffield"
"631","E01008032","Sheffield 056C","E05010858","Beighton","Sheffield"
"632","E01008033","Sheffield 061B","E05010858","Beighton","Sheffield"
"633","E01008034","Sheffield 056D","E05010858","Beighton","Sheffield"
"634","E01008035","Sheffield 063B","E05010858","Beighton","Sheffield"
"635","E01008036","Sheffield 063C","E05010858","Beighton","Sheffield"
"636","E01008037","Sheffield 065E","E05010874","Mosborough","Sheffield"
"637","E01008038","Sheffield 061C","E05010858","Beighton","Sheffield"
"638","E01008039","Sheffield 065F","E05010874","Mosborough","Sheffield"
"639","E01008040","Sheffield 061D","E05010858","Beighton","Sheffield"
"640","E01008041","Sheffield 063D","E05010858","Beighton","Sheffield"
"641","E01008042","Sheffield 050A","E05010875","Nether Edge and Sharrow","Sheffield"
"642","E01008043","Sheffield 046A","E05010867","Ecclesall","Sheffield"
"643","E01008044","Sheffield 046B","E05010867","Ecclesall","Sheffield"
"644","E01008045","Sheffield 050B","E05010875","Nether Edge and Sharrow","Sheffield"
"645","E01008046","Sheffield 050C","E05010875","Nether Edge and Sharrow","Sheffield"
"646","E01008047","Sheffield 046C","E05010860","Broomhill and Sharrow Vale","Sheffield"
"647","E01008048","Sheffield 046D","E05010860","Broomhill and Sharrow Vale","Sheffield"
"648","E01008049","Sheffield 050D","E05010875","Nether Edge and Sharrow","Sheffield"
"649","E01008050","Sheffield 046E","E05010860","Broomhill and Sharrow Vale","Sheffield"
"650","E01008051","Sheffield 050E","E05010875","Nether Edge and Sharrow","Sheffield"
"651","E01008052","Sheffield 050F","E05010875","Nether Edge and Sharrow","Sheffield"
"652","E01008053","Sheffield 006A","E05010866","East Ecclesfield","Sheffield"
"653","E01008054","Sheffield 007B","E05010878","Shiregreen and Brightside","Sheffield"
"654","E01008055","Sheffield 007C","E05010878","Shiregreen and Brightside","Sheffield"
"655","E01008056","Sheffield 006B","E05010866","East Ecclesfield","Sheffield"
"656","E01007906","Sheffield 027D","E05010864","Darnall","Sheffield"
"657","E01007907","Sheffield 032A","E05010864","Darnall","Sheffield"
"658","E01007908","Sheffield 032B","E05010864","Darnall","Sheffield"
"659","E01007909","Sheffield 032C","E05010884","Woodhouse","Sheffield"
"660","E01007910","Sheffield 037A","E05010884","Woodhouse","Sheffield"
"661","E01007911","Sheffield 032D","E05010884","Woodhouse","Sheffield"
"662","E01007912","Sheffield 037B","E05010877","Richmond","Sheffield"
"663","E01007913","Sheffield 018C","E05010864","Darnall","Sheffield"
"664","E01007914","Sheffield 018D","E05010864","Darnall","Sheffield"
"665","E01007915","Sheffield 071A","E05010865","Dore and Totley","Sheffield"
"666","E01007916","Sheffield 069B","E05010857","Beauchief and Greenhill","Sheffield"
"667","E01007917","Sheffield 071B","E05010865","Dore and Totley","Sheffield"
"668","E01007918","Sheffield 071C","E05010865","Dore and Totley","Sheffield"
"669","E01007919","Sheffield 069C","E05010857","Beauchief and Greenhill","Sheffield"
"670","E01007920","Sheffield 068A","E05010865","Dore and Totley","Sheffield"
"671","E01007921","Sheffield 068B","E05010865","Dore and Totley","Sheffield"
"672","E01007922","Sheffield 071D","E05010865","Dore and Totley","Sheffield"
"673","E01007923","Sheffield 068C","E05010865","Dore and Totley","Sheffield"
"674","E01007924","Sheffield 071E","E05010865","Dore and Totley","Sheffield"
"675","E01007925","Sheffield 068D","E05010865","Dore and Totley","Sheffield"
"676","E01007926","Sheffield 068E","E05010865","Dore and Totley","Sheffield"
"677","E01007927","Sheffield 055A","E05010865","Dore and Totley","Sheffield"
"678","E01007928","Sheffield 055B","E05010867","Ecclesall","Sheffield"
"679","E01007929","Sheffield 055C","E05010867","Ecclesall","Sheffield"
"680","E01007930","Sheffield 055D","E05010867","Ecclesall","Sheffield"
"681","E01007931","Sheffield 047A","E05010867","Ecclesall","Sheffield"
"682","E01007932","Sheffield 055E","E05010867","Ecclesall","Sheffield"
"683","E01007933","Sheffield 068F","E05010865","Dore and Totley","Sheffield"
"684","E01007934","Sheffield 047B","E05010867","Ecclesall","Sheffield"
"685","E01007935","Sheffield 047C","E05010867","Ecclesall","Sheffield"
"686","E01007936","Sheffield 047D","E05010867","Ecclesall","Sheffield"
"687","E01007937","Sheffield 047E","E05010867","Ecclesall","Sheffield"
"688","E01007938","Sheffield 047F","E05010867","Ecclesall","Sheffield"
"689","E01007939","Sheffield 055F","E05010867","Ecclesall","Sheffield"
"690","E01007940","Sheffield 022E","E05010861","Burngreave","Sheffield"
"691","E01007941","Sheffield 015A","E05010868","Firth Park","Sheffield"
"692","E01007942","Sheffield 020D","E05010861","Burngreave","Sheffield"
"693","E01007943","Sheffield 019C","E05010861","Burngreave","Sheffield"
"694","E01007944","Sheffield 022F","E05010861","Burngreave","Sheffield"
"695","E01007945","Sheffield 015B","E05010868","Firth Park","Sheffield"
"696","E01007946","Sheffield 015C","E05010868","Firth Park","Sheffield"
"697","E01007947","Sheffield 013C","E05010868","Firth Park","Sheffield"
"698","E01007948","Sheffield 013D","E05010868","Firth Park","Sheffield"
"699","E01007949","Sheffield 020E","E05010861","Burngreave","Sheffield"
"700","E01007950","Sheffield 015D","E05010868","Firth Park","Sheffield"
"701","E01007951","Sheffield 029A","E05010863","Crookes and Crosspool","Sheffield"
"702","E01007952","Sheffield 033A","E05010863","Crookes and Crosspool","Sheffield"
"703","E01007953","Sheffield 033B","E05010863","Crookes and Crosspool","Sheffield"
"704","E01007954","Sheffield 033C","E05010863","Crookes and Crosspool","Sheffield"
"705","E01007955","Sheffield 041A","E05010869","Fulwood","Sheffield"
"706","E01008057","Sheffield 007D","E05010878","Shiregreen and Brightside","Sheffield"
"707","E01008058","Sheffield 006C","E05010866","East Ecclesfield","Sheffield"
"708","E01008059","Sheffield 010C","E05010878","Shiregreen and Brightside","Sheffield"
"709","E01008060","Sheffield 010D","E05010878","Shiregreen and Brightside","Sheffield"
"710","E01008061","Sheffield 011A","E05010868","Firth Park","Sheffield"
"711","E01008062","Sheffield 013E","E05010868","Firth Park","Sheffield"
"712","E01008063","Sheffield 011B","E05010868","Firth Park","Sheffield"
"713","E01008064","Sheffield 028A","E05010863","Crookes and Crosspool","Sheffield"
"714","E01008065","Sheffield 026A","E05010882","Walkley","Sheffield"
"715","E01008066","Sheffield 028B","E05010860","Broomhill and Sharrow Vale","Sheffield"
"716","E01008067","Sheffield 030D","E05010860","Broomhill and Sharrow Vale","Sheffield"
"717","E01008068","Sheffield 026B","E05010882","Walkley","Sheffield"
"718","E01008069","Sheffield 028C","E05010863","Crookes and Crosspool","Sheffield"
"719","E01008072","Sheffield 026C","E05010882","Walkley","Sheffield"
"720","E01008073","Sheffield 030E","E05010882","Walkley","Sheffield"
"721","E01008074","Sheffield 028D","E05010863","Crookes and Crosspool","Sheffield"
"722","E01008075","Sheffield 060B","E05010870","Gleadless Valley","Sheffield"
"723","E01008076","Sheffield 060C","E05010870","Gleadless Valley","Sheffield"
"724","E01008077","Sheffield 060D","E05010870","Gleadless Valley","Sheffield"
"725","E01008078","Sheffield 064E","E05010871","Graves Park","Sheffield"
"726","E01008079","Sheffield 064F","E05010871","Graves Park","Sheffield"
"727","E01008080","Sheffield 069D","E05010857","Beauchief and Greenhill","Sheffield"
"728","E01008081","Sheffield 070A","E05010857","Beauchief and Greenhill","Sheffield"
"729","E01008082","Sheffield 070B","E05010857","Beauchief and Greenhill","Sheffield"
"730","E01008083","Sheffield 070C","E05010857","Beauchief and Greenhill","Sheffield"
"731","E01008084","Sheffield 070D","E05010857","Beauchief and Greenhill","Sheffield"
"732","E01008085","Sheffield 009A","E05010879","Southey","Sheffield"
"733","E01008086","Sheffield 009B","E05010879","Southey","Sheffield"
"734","E01008087","Sheffield 012A","E05010879","Southey","Sheffield"
"735","E01008088","Sheffield 012B","E05010879","Southey","Sheffield"
"736","E01008089","Sheffield 017B","E05010872","Hillsborough","Sheffield"
"737","E01008090","Sheffield 012C","E05010879","Southey","Sheffield"
"738","E01008091","Sheffield 017C","E05010872","Hillsborough","Sheffield"
"739","E01008092","Sheffield 012D","E05010879","Southey","Sheffield"
"740","E01008093","Sheffield 017D","E05010872","Hillsborough","Sheffield"
"741","E01008094","Sheffield 019D","E05010879","Southey","Sheffield"
"742","E01008095","Sheffield 043A","E05010876","Park and Arbourthorne","Sheffield"
"743","E01008096","Sheffield 043B","E05010876","Park and Arbourthorne","Sheffield"
"744","E01008097","Sheffield 043C","E05010876","Park and Arbourthorne","Sheffield"
"745","E01008098","Sheffield 048A","E05010876","Park and Arbourthorne","Sheffield"
"746","E01008099","Sheffield 051E","E05010870","Gleadless Valley","Sheffield"
"747","E01008100","Sheffield 048B","E05010876","Park and Arbourthorne","Sheffield"
"748","E01008101","Sheffield 043D","E05010876","Park and Arbourthorne","Sheffield"
"749","E01008102","Sheffield 048C","E05010876","Park and Arbourthorne","Sheffield"
"750","E01008103","Sheffield 048D","E05010876","Park and Arbourthorne","Sheffield"
"751","E01008104","Sheffield 036E","E05010860","Broomhill and Sharrow Vale","Sheffield"
"752","E01008105","Sheffield 040A","E05010875","Nether Edge and Sharrow","Sheffield"
"753","E01008107","Sheffield 040C","E05010875","Nether Edge and Sharrow","Sheffield"
"754","E01008108","Sheffield 042A","E05010862","City","Sheffield"
"755","E01008109","Sheffield 042B","E05010875","Nether Edge and Sharrow","Sheffield"
"756","E01007956","Sheffield 041B","E05010869","Fulwood","Sheffield"
"757","E01007957","Sheffield 041C","E05010869","Fulwood","Sheffield"
"758","E01007958","Sheffield 041D","E05010869","Fulwood","Sheffield"
"759","E01007959","Sheffield 041E","E05010869","Fulwood","Sheffield"
"760","E01007960","Sheffield 029B","E05010863","Crookes and Crosspool","Sheffield"
"761","E01007961","Sheffield 033D","E05010863","Crookes and Crosspool","Sheffield"
"762","E01007962","Sheffield 029C","E05010863","Crookes and Crosspool","Sheffield"
"763","E01007963","Sheffield 045A","E05010877","Richmond","Sheffield"
"764","E01007964","Sheffield 049A","E05010884","Woodhouse","Sheffield"
"765","E01007965","Sheffield 044A","E05010884","Woodhouse","Sheffield"
"766","E01007966","Sheffield 049B","E05010884","Woodhouse","Sheffield"
"767","E01007967","Sheffield 045B","E05010877","Richmond","Sheffield"
"768","E01007968","Sheffield 049C","E05010884","Woodhouse","Sheffield"
"769","E01007969","Sheffield 044B","E05010884","Woodhouse","Sheffield"
"770","E01007970","Sheffield 049D","E05010884","Woodhouse","Sheffield"
"771","E01007971","Sheffield 037C","E05010884","Woodhouse","Sheffield"
"772","E01007972","Sheffield 044C","E05010884","Woodhouse","Sheffield"
"773","E01007973","Sheffield 037D","E05010877","Richmond","Sheffield"
"774","E01007974","Sheffield 044D","E05010884","Woodhouse","Sheffield"
"775","E01007975","Sheffield 051A","E05010870","Gleadless Valley","Sheffield"
"776","E01007976","Sheffield 051B","E05010870","Gleadless Valley","Sheffield"
"777","E01007977","Sheffield 051C","E05010870","Gleadless Valley","Sheffield"
"778","E01007978","Sheffield 053A","E05010870","Gleadless Valley","Sheffield"
"779","E01007979","Sheffield 051D","E05010870","Gleadless Valley","Sheffield"
"780","E01007980","Sheffield 053B","E05010870","Gleadless Valley","Sheffield"
"781","E01007981","Sheffield 053C","E05010870","Gleadless Valley","Sheffield"
"782","E01007982","Sheffield 054A","E05010870","Gleadless Valley","Sheffield"
"783","E01007983","Sheffield 053D","E05010870","Gleadless Valley","Sheffield"
"784","E01007984","Sheffield 064D","E05010871","Graves Park","Sheffield"
"785","E01007985","Sheffield 053E","E05010871","Graves Park","Sheffield"
"786","E01007986","Sheffield 059E","E05010871","Graves Park","Sheffield"
"787","E01007987","Sheffield 016A","E05010872","Hillsborough","Sheffield"
"788","E01007988","Sheffield 016B","E05010872","Hillsborough","Sheffield"
"789","E01007989","Sheffield 016C","E05010872","Hillsborough","Sheffield"
"790","E01007990","Sheffield 021A","E05010872","Hillsborough","Sheffield"
"791","E01007991","Sheffield 016D","E05010872","Hillsborough","Sheffield"
"792","E01007992","Sheffield 021B","E05010872","Hillsborough","Sheffield"
"793","E01007993","Sheffield 021C","E05010872","Hillsborough","Sheffield"
"794","E01007994","Sheffield 021D","E05010872","Hillsborough","Sheffield"
"795","E01007995","Sheffield 017A","E05010872","Hillsborough","Sheffield"
"796","E01007996","Sheffield 021E","E05010872","Hillsborough","Sheffield"
"797","E01007997","Sheffield 025A","E05010880","Stannington","Sheffield"
"798","E01007998","Sheffield 025B","E05010880","Stannington","Sheffield"
"799","E01007999","Sheffield 045C","E05010877","Richmond","Sheffield"
"800","E01008000","Sheffield 052A","E05010877","Richmond","Sheffield"
"801","E01008001","Sheffield 052B","E05010877","Richmond","Sheffield"
"802","E01008002","Sheffield 054B","E05010876","Park and Arbourthorne","Sheffield"
"803","E01008003","Sheffield 054C","E05010876","Park and Arbourthorne","Sheffield"
"804","E01008004","Sheffield 052C","E05010877","Richmond","Sheffield"
"805","E01008005","Sheffield 052D","E05010877","Richmond","Sheffield"
"806","E01008111","Sheffield 040D","E05010875","Nether Edge and Sharrow","Sheffield"
"807","E01008112","Sheffield 042D","E05010875","Nether Edge and Sharrow","Sheffield"
"808","E01008113","Sheffield 042E","E05010875","Nether Edge and Sharrow","Sheffield"
"809","E01008114","Sheffield 074A","E05010860","Broomhill and Sharrow Vale","Sheffield"
"810","E01008115","Sheffield 074B","E05010860","Broomhill and Sharrow Vale","Sheffield"
"811","E01008116","Sheffield 009C","E05010879","Southey","Sheffield"
"812","E01008117","Sheffield 009D","E05010879","Southey","Sheffield"
"813","E01008118","Sheffield 009E","E05010879","Southey","Sheffield"
"814","E01008119","Sheffield 009F","E05010879","Southey","Sheffield"
"815","E01008122","Sheffield 012E","E05010879","Southey","Sheffield"
"816","E01008123","Sheffield 015E","E05010868","Firth Park","Sheffield"
"817","E01008124","Sheffield 012F","E05010879","Southey","Sheffield"
"818","E01008125","Sheffield 009G","E05010879","Southey","Sheffield"
"819","E01008126","Sheffield 008A","E05010880","Stannington","Sheffield"
"820","E01008128","Sheffield 008C","E05010881","Stocksbridge and Upper Don","Sheffield"
"821","E01008129","Sheffield 023A","E05010880","Stannington","Sheffield"
"822","E01008130","Sheffield 023B","E05010880","Stannington","Sheffield"
"823","E01008131","Sheffield 023C","E05010880","Stannington","Sheffield"
"824","E01008132","Sheffield 023D","E05010880","Stannington","Sheffield"
"825","E01008133","Sheffield 023E","E05010880","Stannington","Sheffield"
"826","E01008134","Sheffield 005B","E05010883","West Ecclesfield","Sheffield"
"827","E01008135","Sheffield 005C","E05010866","East Ecclesfield","Sheffield"
"828","E01008136","Sheffield 008D","E05010881","Stocksbridge and Upper Don","Sheffield"
"829","E01008137","Sheffield 005D","E05010883","West Ecclesfield","Sheffield"
"830","E01008138","Sheffield 006D","E05010866","East Ecclesfield","Sheffield"
"831","E01008139","Sheffield 006E","E05010866","East Ecclesfield","Sheffield"
"832","E01008140","Sheffield 008E","E05010881","Stocksbridge and Upper Don","Sheffield"
"833","E01008141","Sheffield 005E","E05010883","West Ecclesfield","Sheffield"
"834","E01008142","Sheffield 002A","E05010881","Stocksbridge and Upper Don","Sheffield"
"835","E01008143","Sheffield 002B","E05010881","Stocksbridge and Upper Don","Sheffield"
"836","E01008144","Sheffield 001A","E05010881","Stocksbridge and Upper Don","Sheffield"
"837","E01008145","Sheffield 001B","E05010881","Stocksbridge and Upper Don","Sheffield"
"838","E01008146","Sheffield 002C","E05010881","Stocksbridge and Upper Don","Sheffield"
"839","E01008147","Sheffield 002D","E05010881","Stocksbridge and Upper Don","Sheffield"
"840","E01008148","Sheffield 001C","E05010881","Stocksbridge and Upper Don","Sheffield"
"841","E01008149","Sheffield 001D","E05010881","Stocksbridge and Upper Don","Sheffield"
"842","E01008150","Sheffield 001E","E05010881","Stocksbridge and Upper Don","Sheffield"
"843","E01008151","Sheffield 024A","E05010882","Walkley","Sheffield"
"844","E01008152","Sheffield 025C","E05010880","Stannington","Sheffield"
"845","E01008153","Sheffield 024B","E05010882","Walkley","Sheffield"
"846","E01008154","Sheffield 024C","E05010882","Walkley","Sheffield"
"847","E01008155","Sheffield 024D","E05010882","Walkley","Sheffield"
"848","E01008156","Sheffield 024E","E05010882","Walkley","Sheffield"
"849","E01008157","Sheffield 026D","E05010882","Walkley","Sheffield"
"850","E01008158","Sheffield 025D","E05010880","Stannington","Sheffield"
"851","E01008159","Sheffield 029D","E05010863","Crookes and Crosspool","Sheffield"
"852","E01008160","Sheffield 024F","E05010882","Walkley","Sheffield"
"853","E01008161","Sheffield 026E","E05010882","Walkley","Sheffield"
